<?xml version="1.0" encoding="utf-8"?>
<odoo>
    <record id="employee_form" model="website.menu">
        <field name="name">Create Employee</field>
        <field name="url">/create_employee</field>
        <field name="parent_id" ref="website.main_menu"/>
        <field name="sequence" type="int">20</field>
    </record>
    <record id="employee_details" model="website.menu">
        <field name="name">Employee Details</field>
        <field name="url">/employee_details</field>
        <field name="parent_id" ref="website.main_menu"/>
        <field name="sequence" type="int">21</field>
    </record>
</odoo>