<odoo>
    <record id="cron_demo" model="ir.cron">
        <field name="name">Cron Demo State</field>
        <field name="model_id" ref="model_sale_order" />
        <field name="state">code</field>
        <field name="code">model.demo_cron()</field>
        <field name="user_id" ref="base.user_root" />
        <field name='interval_number'>1</field>
        <field name='interval_type'>minutes</field>
        <field name="numbercall">-1</field>
        <field name="nextcall" eval="(datetime.now().replace(hour=22, minute=0, second=0, microsecond=0) + timedelta(days=1))"/>
        <field name="doall" eval="False" />
    </record>
</odoo>
