<?xml version="1.0" encoding="utf-8"?>

<odoo>
    <record model="ir.module.category" id="module_category_create_employee">
        <field name="name">Employee</field>
        <field name="description">Helps you to create.</field>
    </record>

    <record id="group_create_employee" model="res.groups">
        <field name="name">Create Employee</field>
        <field name="category_id" ref="module_category_create_employee"/>
    </record>

    <record id="group_create_employee1" model="res.groups">
        <field name="name">Create Employee1</field>
        <field name="category_id" ref="module_category_create_employee"/>
    </record>

</odoo>