<odoo>
    <record model="ir.rule" id="purchase_order_rule">

        <field name="name">purchase.order.rule</field>

        <field name="model_id" ref="model_purchase_order"/>

        <field eval="[(4,ref('base.group_user'))]" name="groups"/>

        <field name="domain_force">[ ('state','in',['done','cancel'])]</field>

        <field name="perm_read" eval="True"/>
        <field name="perm_write" eval="True"/>
        <field name="perm_create" eval="True"/>
        <field name="perm_unlink" eval="True"/>

    </record>

    <record model="ir.rule" id="purchase_order_rule1">

        <field name="name">purchase.order.rule1</field>

        <field name="model_id" ref="model_purchase_order"/>

        <field eval="[(4,ref('base.group_user'))]" name="groups"/>

        <field name="domain_force">[ ('state','not in',['done','cancel'])]</field>

        <field name="perm_read" eval="True"/>
        <field name="perm_write" eval="False"/>
        <field name="perm_create" eval="True"/>
        <field name="perm_unlink" eval="True"/>

    </record>

    <!--    <record id="group_edit_po" model="res.groups">-->
    <!--        <field name="name">Edit PO</field>-->
    <!--        <field name="category_id" ref="model_purchase_order"/>-->
    <!--    </record>-->

</odoo>