<odoo>
    <record id="sale_order_cron" model="ir.cron">
        <field name="name">Sale Order Cron</field>
        <field name="model_id" ref="model_sale_order"/>
        <field name="state">code</field>
        <field name="code">model.sale_order_count_cron()</field>
        <field name="user_id" ref="base.user_root"/>
        <field name='interval_number'>1</field>
        <field name='interval_type'>days</field>
        <field name="numbercall">5</field>
        <field name="nextcall"
               eval="(datetime.now().replace(hour=22, minute=0, second=0, microsecond=0) + timedelta(days=1))"/>
        <field name="doall" eval="False"/>
    </record>
</odoo>